variant,site_group,position_1based,wt_base,mutant_base,experimental_TE_WT100,n_experiments,mfe_kcal_mol,wt_mfe_kcal_mol,delta_mfe_vs_wt,structure
SZ1-0A,SZ1-0,344,G,A,22.732500,2,-230.5,-231.5,1.0,.....(((.(((((((((((((......(.(((.(((.(((((.((((.(((((((((((....)))))))))))...............(((.((((((((((((((....))))))))..((((((....))))))............................(((((((((.((((..((((((((...((((((((..(((((....)))))..))))))))...)))..((((....((((((.....))))))..))))....(((((.(((((((((......)))))))))...))))))))))..))))...))))).))))((((.((((((...........)))).)).)))).......)))))).)))((.((.(((((((((......)))))...)))).)).)).((.(((((....))))).))..)))).)))))((((.....)))).....))).))).)...)).)))..)))))))).)))..(((((..((((.(......).))))..)))))..(((((((((..(((..(((((((.((...((((((....))))))..))..)))).)))......)))..))))).)))).............................
SZ1-0C,SZ1-0,344,G,C,6.242500,2,-230.2,-231.5,1.3,.....(((.(((((((((((((......(.(((.(((.(((((.((((.(((((((((((....)))))))))))...............(((.((((((((((((((....))))))))..((((((....))))))............................(((((((((.((((..((((((((...((((((((..(((((....)))))..))))))))...)))..((((....((((((.....))))))..))))....(((((.(((((((((......)))))))))...))))))))))..))))...))))).))))((((.((((((...........)))).)).)))).......)))))).)))((.((.(((((((((......)))))...)))).)).)).((.(((((....))))).))..)))).)))))((((.....)))).....))).))).)...)).)))..)))))))).)))..(((((..((((.(......).))))..)))))..(((((((((..(((..(((((((.((...((((((....))))))..))..)))).)))......)))..))))).)))).............................
SZ1-0T,SZ1-0,344,G,T,5.717500,2,-231.2,-231.5,0.3,.....(((.(((((((((((((......(.(((.(((.(((((.((((.(((((((((((....)))))))))))...............(((.((((((((((((((....))))))))..((((((....))))))............................(((((((((.((((..((((((((...((((((((..(((((....)))))..))))))))...)))..(((((((.........))))).)).)))).......)))))).)))((.((.(((((((((......)))))...)))).)).)).((.(((((....))))).))..)))).)))))((((.....)))).....))).))).)...)).)))..)))))))).)))..(((((..((((.(......).))))..)))))..(((((((((..(((..(((((((.((...((((((....))))))..))..)))).)))......)))..))))).)))).............................
SZ1-1A,SZ1-1,345,C,A,4.219864,2,-231.5,-231.5,0.0,.....(((.(((((((((((((......(.(((.(((.(((((.((((.(((((((((((....)))))))))))...............(((.((((((((((((((....))))))))..((((((....))))))............................(((((((((.((((..((((((((...((((((((..(((((....)))))..))))))))...)))..((((....((((((.....))))))..))))....(((((.(((((((((......)))))))))...))))))))))..))))...))))).))))((((.((((((...........)))).)).)))).......)))))).)))((.((.(((((((((......)))))...)))).)).)).((.(((((....))))).))..)))).)))))((((.....)))).....))).))).)...)).)))..)))))))).)))..(((((..((((.(......).))))..)))))..(((((((((..(((..(((((((.((...((((((....))))))..))..)))).)))......)))..))))).)))).............................
SZ1-1G,SZ1-1,345,C,G,3.473054,2,-233.8,-231.5,-2.3,.....(((.(((((((((((((......(.(((.(((.(((((.((((.(((((((((((....)))))))))))...............(((.((((((((((((((....))))))))..((((((....))))))............................(((((((((.((((..((((((((...((((((((..(((((....)))))..))))))))...)))..((((....((((((......)).)))).)).)))).......)))))).)))((.((.(((((((((......)))))...)))).)).)).((.(((((....))))).))..)))).)))))((((.....)))).....))).))).)...)).)))..)))))))).)))..(((((..((((.(......).))))..)))))..(((((((((..(((..(((((((.((...((((((....))))))..))..)))).)))......)))..))))).)))).............................
SZ1-1T,SZ1-1,345,C,T,2.921974,2,-231.5,-231.5,0.0,.....(((.(((((((((((((......(.(((.(((.(((((.((((.(((((((((((....)))))))))))...............(((.((((((((((((((....))))))))..((((((....))))))............................(((((((((.((((..((((((((...((((((((..(((((....)))))..))))))))...)))..((((....((((((.....))))))..))))....(((((.(((((((((......)))))))))...))))))))))..))))...))))).))))((((.((((((...........)))).)).)))).......)))))).)))((.((.(((((((((......)))))...)))).)).)).((.(((((....))))).))..)))).)))))((((.....)))).....))).))).)...)).)))..)))))))).)))..(((((..((((.(......).))))..)))))..(((((((((..(((..(((((((.((...((((((....))))))..))..)))).)))......)))..))))).)))).............................
SZ1-2A,SZ1-2,346,T,A,13.355000,2,-231.5,-231.5,0.0,.....(((.(((((((((((((......(.(((.(((.(((((.((((.(((((((((((....)))))))))))...............(((.((((((((((((((....))))))))..((((((....))))))............................(((((((((.((((..((((((((...((((((((..(((((....)))))..))))))))...)))..((((....((((((.....))))))..))))....(((((.(((((((((......)))))))))...))))))))))..))))...))))).))))((((.((((((...........)))).)).)))).......)))))).)))((.((.(((((((((......)))))...)))).)).)).((.(((((....))))).))..)))).)))))((((.....)))).....))).))).)...)).)))..)))))))).)))..(((((..((((.(......).))))..)))))..(((((((((..(((..(((((((.((...((((((....))))))..))..)))).)))......)))..))))).)))).............................
SZ1-2C,SZ1-2,346,T,C,109.170000,3,-232.5,-231.5,-1.0,.....(((.(((((((((((((......(.(((.(((.(((((......(((((((((((....)))))))))))..((((.....((((........((((((.((((.(((((((...((((((((....))))))............................(((((((((.((((..((((((((...((((((((..(((((....)))))..))))))))...)))..((((....((((((.....))))))..))))....(((((.(((((((((......)))))))))...))))))))))..))))...))))).)))))).))))))).)))).))))))........))))(((.(((((...(((((((.....))))))).))))).)))))))(((((.(((......(((((....)))))))).))))).)))))((((.....)))).....))).))).)...)).)))..)))))))).)))..(((((..((((.(......).))))..))..)))).)))......)))..))))).)))).............................
SZ1-2G,SZ1-2,346,T,G,16.632500,2,-231.7,-231.5,-0.2,.....(((.(((((((((((((......(.(((.(((.(((((.((((.(((((((((((....)))))))))))...............(((.((((((((((((((....))))))))..((((((....))))))......................((((..(((..((((..(((((.(...(((...((((((((..(((((....)))))..))))))))...)))...).)))))...(((((((((.....))).......(((((.(((((((((......)))))))))...)))))))))))..............(((((((.....)))))))....))))..)))..)))).......)))))).)))((.((.(((((((((......)))))...)))).)).)).((.(((((....))))).))..)))).)))))((((.....)))).....))).))).)...)).)))..)))))))).)))..(((((..((((.(......).))))..)))))..(((((((((..(((..(((((((.((...((((((....))))))..))..)))).)))......)))..))))).)))).............................
